HCaee2MbWpEsxCGsCf8A5LXSURaRBBmMANavdpjM2Gq2, AI 热点
CLegS2MSiCsBksVazCg4Y7Gz3NqeBK21QyvzK4Q7S168, 多面巨鲸
qTB6ryTHBU1tGEVg9a1QiRJh5euRAU3bcDdWubUJ4ne, K99 | 1000X GEM
B1PZARjnyVjPdmY5kfHuKWm8gxvKTcqjjp8JCjoPj9xQ, 瞎冲喊单kol
8QadT4gpVMar3YMjFZNJ2UKVvmCjmvSRBkvkPCA1P8ci, 小鱼
EnQLCLB7NWojruXXNopgH7jhkwoHihTpuzsrtsM2UCSe, AdamJae
5jeo31fJ37Qbov5i29noGjxYMxZ9JQxf1MWJaDSsvQno, 小阴谋家
AbcX4XBm7DJ3i9p29i6sU8WLmiW4FWY5tiwB9D6UBbcE, 逃顶能手
6vdXD7uu4zBXMjWecqMPWGsy5H7dSQXSYJS4gNqGbvTt, 0xEdwin999
54p2NvHo2oXH6cDmvg2gz6NYrWpDCnHaH98hdkw8Jtbp, 光子高手
8cLAbsDxJNYGsR3F3cLKyPTizBjFeBqLLApDrYFvYhwk, 选标的二段很强
9UWZFoiCHeYRLmzmDJhdMrP7wgrTw7DMSpPiT2eHgJHe, 远古巨鲸
DKAarFVePUBbQuTEj4g7hp2wJkorJo1HsMnAU5tTP7EE, kol 老鼠仓
8deJ9xeUvXSJwicYptA9mHsU2rN2pDx37KWzkDkEXhU6, 大巨鲸
HUpPyLU8KWisCAr3mzWy2FKT6uuxQ2qGgJQxyTpDoes5, 0xSun
4LBhsqPTC2fHBST7MCmURRiU1zinWYQWe4G2GtP4wCSM, 子时
G1pRtSyKuWSjTqRDcazzKBDzqEF96i1xSURpiXj3yFcc, crypto D 超级聪明
DNfuF1L62WWyW3pNakVkyGGFzVVhj4Yr52jSmdTyeBHm, DNF 超牛链上
FWuPsvShrLG4r6iYjc3dDCoPneHFdYqDGX4MXuhTDf6y, (空)
BieeZkdnBAgNYknzo3RH2vku7FcPkFZMZmRJANh2TpW, 很会抓热点
71CPXu3TvH3iUKaY1bNkAAow24k6tjH473SsKprQBABC, 王小二
7g7Boh4UnCpYSZ2bfapNTjQvRzHmJXZhMC24fc6koSoW, 中鲸鱼
7jNj82KrWjk3zhcQuWdKKS8izS4XVGdser6CJ9VQSvYJ, 亏得多赚得少
2btYi2pqVgtgzLqeAXE122FPhN2xBJMQpE1V9CMNv4EH, ed 区块奇迹
CRVidEDtEUTYZisCxBZkpELzhQc9eauMLR3FWg74tReL, frank
E57hYjjwNAnvXe67C1q7nKRdC2jWMRGLWAJsBJAJrgzR, pinpin 逃顶
CNudZYFgpbT26fidsiNrWfHeGTBMMeVWqruZXsEkcUPc, DNF 小号

